stamp,x,y,z,qw,qx,qy,qz
1642399577.962692112,,,,,,,
1642399578.193763952,,,,,,,
1642399578.596018992,,,,,,,
1642399578.847020581,,,,,,,
1642399579.120516472,,,,,,,
1642399579.680492326,,,,,,,
1642399580.383547999,,,,,,,
1642399581.143093445,,,,,,,
1642399581.757405055,,,,,,,
1642399582.392328087,,,,,,,
1642399583.040362556,,,,,,,
1642399583.498664033,,,,,,,
1642399583.983395808,,,,,,,
1642399584.542912231,,,,,,,
1642399585.089516486,,,,,,,
1642399585.658229308,,,,,,,
1642399586.255155751,,,,,,,
1642399586.755342326,,,,,,,
1642399587.226822599,,,,,,,
1642399587.762485917,,,,,,,
1642399588.279148779,,,,,,,
1642399589.042026565,,,,,,,
1642399589.538761342,,,,,,,
1642399589.874004334,,,,,,,
1642399590.372210846,,,,,,,
1642399590.899725205,,,,,,,
1642399591.379566312,,,,,,,
1642399591.971852716,,,,,,,
1642399592.435545828,,,,,,,
1642399592.930969577,,,,,,,
1642399593.447299955,,,,,,,
1642399594.012270190,,,,,,,
1642399594.430981933,,,,,,,
1642399595.445766187,,,,,,,
1642399595.909816521,,,,,,,
1642399596.366748729,,,,,,,
1642399596.926894122,,,,,,,
1642399597.419530883,,,,,,,
1642399598.065590537,,,,,,,
1642399598.610891188,,,,,,,
1642399599.267652671,,,,,,,
1642399599.730971922,,,,,,,
1642399600.308479152,,,,,,,
1642399600.863596947,,,,,,,
1642399601.438562986,,,,,,,
1642399602.034826379,,,,,,,
1642399602.611086038,,,,,,,
1642399603.168683455,,,,,,,
1642399603.703958191,,,,,,,
1642399604.103883690,,,,,,,
1642399604.610014293,,,,,,,
1642399605.137572525,,,,,,,
1642399605.646973034,,,,,,,
1642399606.033518102,,,,,,,
1642399606.700737604,,,,,,,
1642399607.267553661,,,,,,,
1642399608.033225538,,,,,,,
1642399608.617129347,,,,,,,
1642399609.093501856,,,,,,,
1642399609.633681820,,,,,,,
1642399610.050287226,,,,,,,
1642399610.929257212,,,,,,,
1642399611.513287648,,,,,,,
1642399612.063998590,,,,,,,
1642399612.608051030,,,,,,,
1642399613.055963130,,,,,,,
1642399613.569000624,,,,,,,
1642399614.125902478,,,,,,,
1642399614.675284792,,,,,,,
1642399615.070000227,,,,,,,
1642399615.541140399,,,,,,,
1642399616.048982357,,,,,,,
1642399616.529649269,,,,,,,
1642399617.103479450,,,,,,,
1642399617.505897148,,,,,,,
1642399618.030291523,,,,,,,
1642399618.606672207,,,,,,,
1642399619.104130452,,,,,,,
1642399619.547627315,,,,,,,
1642399620.432564498,,,,,,,
1642399620.975165779,,,,,,,
1642399621.590297721,,,,,,,
1642399622.129968172,,,,,,,
1642399622.609182934,,,,,,,
1642399623.633260803,,,,,,,
1642399624.213191495,,,,,,,
1642399624.807831567,,,,,,,
1642399625.383289133,,,,,,,
1642399625.935427842,,,,,,,
1642399626.472916020,,,,,,,
1642399626.847791275,,,,,,,
1642399627.299952784,,,,,,,
1642399628.530350206,,,,,,,
1642399629.137270725,,,,,,,
1642399629.634700873,,,,,,,
1642399630.229922426,,,,,,,
1642399630.834581149,,,,,,,
1642399631.299276261,,,,,,,
1642399631.791998016,,,,,,,
1642399632.288310227,,,,,,,
1642399632.774359239,,,,,,,
1642399633.322645504,,,,,,,
1642399633.990272116,,,,,,,
1642399634.516317076,,,,,,,
1642399635.066144453,,,,,,,
1642399635.539344561,,,,,,,
1642399636.046992787,,,,,,,
1642399636.511943936,,,,,,,
1642399637.151937351,,,,,,,
1642399637.711327180,,,,,,,
1642399638.297005961,,,,,,,
1642399638.846166448,,,,,,,
1642399639.362612251,,,,,,,
1642399640.193450579,,,,,,,
1642399641.391318888,,,,,,,
1642399641.921821453,,,,,,,
1642399642.452057454,,,,,,,
1642399643.001405335,,,,,,,
1642399643.570060972,,,,,,,
1642399644.067872054,,,,,,,
1642399644.878106446,,,,,,,
1642399645.428788588,,,,,,,
1642399645.937169018,,,,,,,
1642399646.516598294,,,,,,,
1642399647.459364086,,,,,,,
1642399648.450636007,,,,,,,
1642399649.009840329,,,,,,,
1642399649.490237701,,,,,,,
1642399650.062718965,,,,,,,
1642399650.593303516,,,,,,,
1642399651.150934854,,,,,,,
1642399651.714950771,,,,,,,
1642399652.254676295,,,,,,,
1642399652.628684560,,,,,,,
1642399653.222835665,,,,,,,
1642399653.829795288,,,,,,,
1642399654.328499568,,,,,,,
1642399654.689373517,,,,,,,
1642399655.312350061,,,,,,,
1642399655.836470287,,,,,,,
1642399656.298327819,,,,,,,
1642399656.824038886,,,,,,,
1642399657.295787548,,,,,,,
1642399657.753520344,,,,,,,
1642399658.126432945,,,,,,,
1642399658.776371410,,,,,,,
1642399659.295901133,,,,,,,
1642399659.872031830,,,,,,,
1642399660.318120222,,,,,,,
1642399660.901835004,,,,,,,
1642399661.442142073,,,,,,,
1642399661.999362877,,,,,,,
1642399662.498522076,,,,,,,
1642399663.012347390,,,,,,,
1642399663.539866229,,,,,,,
1642399664.095752676,,,,,,,
1642399664.675819338,,,,,,,
1642399665.265644455,,,,,,,
1642399665.748421704,,,,,,,
1642399666.248403636,,,,,,,
1642399666.716154155,,,,,,,
1642399667.413616238,,,,,,,
1642399667.903967204,,,,,,,
1642399668.493438428,,,,,,,
1642399668.903884731,,,,,,,
1642399669.378800194,,,,,,,
1642399669.785831180,,,,,,,
1642399670.508514550,,,,,,,
1642399671.137825144,,,,,,,
1642399671.446411178,,,,,,,
1642399672.758370377,,,,,,,
1642399673.663355775,,,,,,,
1642399674.208195139,,,,,,,
1642399674.601710299,,,,,,,
1642399675.106499313,,,,,,,
1642399675.678969377,,,,,,,
1642399676.131292490,,,,,,,
1642399676.630434280,,,,,,,
1642399677.214378954,,,,,,,
1642399677.689619958,,,,,,,
1642399678.227669584,,,,,,,
1642399678.658531692,,,,,,,
1642399679.214925346,,,,,,,
1642399679.727948152,,,,,,,
1642399680.255636850,,,,,,,
1642399680.626682477,,,,,,,
1642399681.111673137,,,,,,,
1642399681.734548559,,,,,,,
1642399682.323378172,,,,,,,
1642399683.680194739,,,,,,,
1642399684.139375718,,,,,,,
1642399684.641898009,,,,,,,
1642399685.193674728,,,,,,,
1642399685.621648727,,,,,,,
1642399686.193985029,,,,,,,
1642399687.054909775,,,,,,,
1642399687.553524070,,,,,,,
1642399688.091145497,,,,,,,
1642399688.626195653,,,,,,,
1642399689.059438117,,,,,,,
1642399689.520520917,,,,,,,
1642399690.082266815,,,,,,,
1642399690.721362233,,,,,,,
1642399691.888732597,,,,,,,
1642399692.482516528,,,,,,,
1642399693.011188824,,,,,,,
1642399693.844773211,,,,,,,
1642399694.334729387,,,,,,,
1642399695.603085445,,,,,,,
1642399696.069454536,,,,,,,
1642399696.575412432,,,,,,,
1642399697.136233387,,,,,,,
1642399697.682402179,,,,,,,
1642399698.177562916,,,,,,,
1642399698.706847831,,,,,,,
1642399699.231998889,,,,,,,
1642399699.663660592,,,,,,,
1642399700.180637476,,,,,,,
1642399700.686270055,,,,,,,
1642399701.218199074,,,,,,,
1642399701.751688406,,,,,,,
1642399702.252794259,,,,,,,
1642399702.767032444,,,,,,,
1642399703.229087323,,,,,,,
1642399703.634795792,,,,,,,
1642399704.448485758,,,,,,,
1642399705.266844980,,,,,,,
1642399705.779216736,,,,,,,
1642399706.238503765,,,,,,,
1642399706.736745381,,,,,,,
1642399707.312598282,,,,,,,
1642399707.841775642,,,,,,,
1642399708.466147887,,,,,,,
1642399709.107885138,,,,,,,
1642399709.648084558,,,,,,,
1642399710.125289112,,,,,,,
1642399710.510046920,,,,,,,
1642399711.009267560,,,,,,,
1642399711.602453465,,,,,,,
1642399712.165541112,,,,,,,
1642399712.865087611,,,,,,,
1642399713.261769413,,,,,,,
1642399713.741523574,,,,,,,
1642399714.301978380,,,,,,,
1642399714.776282505,,,,,,,
1642399715.342294229,,,,,,,
1642399715.846904297,,,,,,,
1642399716.343030649,,,,,,,
1642399716.801638210,,,,,,,
1642399717.476109281,,,,,,,
1642399718.001626905,,,,,,,
1642399718.461193041,,,,,,,
1642399719.002685409,,,,,,,
1642399719.665817935,,,,,,,
1642399720.072942939,,,,,,,
1642399720.607750882,,,,,,,
1642399721.199678176,,,,,,,
1642399721.601647228,,,,,,,
1642399722.373369854,,,,,,,
1642399722.839200440,,,,,,,
1642399723.265703248,,,,,,,
1642399723.688973910,,,,,,,
1642399724.207113851,,,,,,,
1642399724.804063591,,,,,,,
1642399725.378451733,,,,,,,
1642399725.970256241,,,,,,,
1642399726.469135979,,,,,,,
1642399727.010104691,,,,,,,
1642399727.473590216,,,,,,,
1642399727.925686541,,,,,,,
1642399728.373135466,,,,,,,
1642399728.951644344,,,,,,,
1642399729.476662632,,,,,,,
1642399729.943167788,,,,,,,
1642399730.420285173,,,,,,,
1642399730.978772620,,,,,,,
1642399731.443227249,,,,,,,
1642399731.906996939,,,,,,,
1642399732.375680209,,,,,,,
1642399732.798729555,,,,,,,
1642399733.665557913,,,,,,,
1642399734.272447583,,,,,,,
1642399734.765712931,,,,,,,
1642399735.266101045,,,,,,,
1642399735.810103339,,,,,,,
1642399736.335846470,,,,,,,
1642399736.701910069,,,,,,,
1642399737.143115345,,,,,,,
1642399737.926934127,,,,,,,
1642399738.401751829,,,,,,,
1642399739.073687243,,,,,,,
1642399739.601715850,,,,,,,
1642399740.114180247,,,,,,,
1642399740.540877202,,,,,,,
1642399741.042110609,,,,,,,
1642399741.665037712,,,,,,,
1642399742.178057222,,,,,,,
1642399742.737786448,,,,,,,
1642399743.141858860,,,,,,,
1642399743.598324373,,,,,,,
1642399744.184565947,,,,,,,
1642399744.707459274,,,,,,,
1642399745.620810530,,,,,,,
1642399746.063185904,,,,,,,
1642399746.519668185,,,,,,,
1642399747.104215716,,,,,,,
1642399747.450670178,,,,,,,
1642399747.953929761,,,,,,,
1642399748.461769766,,,,,,,
1642399748.980274225,,,,,,,
1642399749.409197391,,,,,,,
1642399750.062443332,,,,,,,
1642399750.642052706,,,,,,,
1642399751.314644964,,,,,,,
1642399751.873729668,,,,,,,
1642399752.257280514,,,,,,,
1642399752.730546735,,,,,,,
1642399753.171220867,,,,,,,
1642399753.880976996,,,,,,,
1642399754.337279690,,,,,,,
1642399754.702197127,,,,,,,
1642399755.328256694,,,,,,,
1642399755.794209970,,,,,,,
1642399756.342704494,,,,,,,
1642399756.887207596,,,,,,,
1642399757.239278978,,,,,,,
1642399757.678468798,,,,,,,
1642399758.141457196,,,,,,,
1642399758.573903520,,,,,,,
1642399759.014615444,,,,,,,
1642399759.473621733,,,,,,,
1642399759.979233992,,,,,,,
1642399760.438619677,,,,,,,
1642399760.961812849,,,,,,,
1642399761.412844805,,,,,,,
1642399761.846783953,,,,,,,
1642399762.302668336,,,,,,,
1642399762.738433816,,,,,,,
1642399763.166993904,,,,,,,
1642399763.692668330,,,,,,,
1642399764.142409322,,,,,,,
1642399764.671538042,,,,,,,
1642399765.108600246,,,,,,,
1642399765.631105567,,,,,,,
1642399766.206926595,,,,,,,
1642399766.610571256,,,,,,,
1642399767.181043337,,,,,,,
1642399767.597617863,,,,,,,
1642399768.208655693,,,,,,,
1642399768.704693884,,,,,,,
1642399769.169969133,,,,,,,
1642399769.727234609,,,,,,,
1642399770.338115093,,,,,,,
1642399770.743129248,,,,,,,
1642399771.343821061,,,,,,,
1642399772.003052311,,,,,,,
1642399772.641447334,,,,,,,
1642399773.168375668,,,,,,,
1642399773.684397560,,,,,,,
1642399774.240151493,,,,,,,
1642399774.808267601,,,,,,,
1642399775.313644145,,,,,,,
1642399775.783478345,,,,,,,
1642399776.271755807,,,,,,,
1642399777.207984762,,,,,,,
1642399777.631657285,,,,,,,
1642399778.430583054,,,,,,,
1642399778.837211218,,,,,,,
1642399779.377454094,,,,,,,
1642399779.809602237,,,,,,,
1642399780.337409241,,,,,,,
1642399780.838109776,,,,,,,
1642399781.231703689,,,,,,,
1642399781.709300953,,,,,,,
1642399782.136768128,,,,,,,
1642399782.701019889,,,,,,,
1642399783.251230440,,,,,,,
1642399783.806269737,,,,,,,
1642399784.482401665,,,,,,,
1642399784.945066378,,,,,,,
1642399785.502050698,,,,,,,
1642399785.988121406,,,,,,,
1642399786.651363342,,,,,,,
1642399787.103205167,,,,,,,
1642399787.651795437,,,,,,,
1642399788.092153979,,,,,,,
1642399788.974615924,,,,,,,
1642399789.488116625,,,,,,,
1642399789.977245589,,,,,,,
1642399790.399022179,,,,,,,
1642399790.801455238,,,,,,,
1642399791.381407786,,,,,,,
1642399791.872772400,,,,,,,
1642399792.481976602,,,,,,,
1642399792.833444966,,,,,,,
1642399793.758969434,,,,,,,
1642399794.334985153,,,,,,,
1642399794.743021851,,,,,,,
1642399795.211933444,,,,,,,
1642399795.752360291,,,,,,,
1642399796.186219149,,,,,,,
1642399796.701965966,,,,,,,
1642399797.278182872,,,,,,,
1642399797.747430759,,,,,,,
1642399798.144476022,,,,,,,
1642399798.532921183,,,,,,,
1642399799.318997889,,,,,,,
1642399799.872863248,,,,,,,
1642399800.339866940,,,,,,,
1642399800.774188621,,,,,,,
1642399801.343072038,,,,,,,
1642399801.718605671,,,,,,,
1642399802.211622695,,,,,,,
1642399802.647127178,,,,,,,
1642399803.072145707,,,,,,,
1642399803.466612626,,,,,,,
1642399803.954520322,,,,,,,
1642399804.430050707,,,,,,,
1642399804.833739401,,,,,,,
1642399805.330482722,,,,,,,
1642399805.784154591,,,,,,,
1642399806.302029216,,,,,,,
1642399806.834080990,,,,,,,
1642399807.314118580,,,,,,,
1642399807.762762147,,,,,,,
1642399808.206890284,,,,,,,
1642399808.701085310,,,,,,,
1642399809.376336969,,,,,,,
1642399810.145391234,,,,,,,
1642399810.942938806,,,,,,,
1642399811.412285894,,,,,,,
1642399812.000769071,,,,,,,
1642399812.446363087,,,,,,,
1642399812.962021709,,,,,,,
1642399813.611433927,,,,,,,
1642399814.275613126,,,,,,,
1642399814.849162726,,,,,,,
1642399815.367993302,,,,,,,
1642399815.904938719,,,,,,,
1642399816.397756828,,,,,,,
1642399816.941401037,,,,,,,
1642399817.473797839,,,,,,,
1642399818.076419763,,,,,,,
1642399818.546738387,,,,,,,
1642399819.009559006,,,,,,,
1642399819.619907066,,,,,,,
1642399820.048421873,,,,,,,
1642399820.643071385,,,,,,,
1642399821.121051887,,,,,,,
1642399821.600017653,,,,,,,
1642399822.001104162,,,,,,,
1642399822.653070340,,,,,,,
1642399823.111125125,,,,,,,
1642399823.517730408,,,,,,,
1642399823.920376334,,,,,,,
1642399824.497996558,,,,,,,
1642399824.997422865,,,,,,,
1642399825.442260709,,,,,,,
1642399825.988495646,,,,,,,
1642399826.496873932,,,,,,,
1642399827.020671337,,,,,,,
1642399827.586312111,,,,,,,
1642399828.100154258,,,,,,,
1642399828.626579960,,,,,,,
1642399829.188976748,,,,,,,
1642399829.660433085,,,,,,,
1642399830.096036322,,,,,,,
1642399831.054520854,,,,,,,
1642399831.580738488,,,,,,,
1642399832.022567486,,,,,,,
1642399832.500499316,,,,,,,
1642399833.265102056,,,,,,,
1642399833.772223426,,,,,,,
1642399834.272792887,,,,,,,
1642399834.673243259,,,,,,,
1642399835.153913179,,,,,,,
1642399835.611745433,,,,,,,
1642399836.110618387,,,,,,,
1642399836.560330899,,,,,,,
1642399837.088115918,,,,,,,
1642399837.619414687,,,,,,,
1642399838.191110436,,,,,,,
1642399838.762582724,,,,,,,
1642399839.263850948,,,,,,,
1642399839.757051174,,,,,,,
1642399840.320591980,,,,,,,
1642399840.834914070,,,,,,,
1642399841.331581390,,,,,,,
1642399841.960170981,,,,,,,
1642399842.540357612,,,,,,,
1642399843.058519890,,,,,,,
1642399843.488463903,,,,,,,
1642399844.193784540,,,,,,,
1642399844.656554887,,,,,,,
1642399845.118513092,,,,,,,
1642399845.572155457,,,,,,,
1642399846.096561320,,,,,,,
1642399846.597968874,,,,,,,
1642399847.056025323,,,,,,,
1642399847.696537466,,,,,,,
1642399848.324019808,,,,,,,
1642399848.783308020,,,,,,,
1642399849.249881722,,,,,,,
1642399849.665059586,,,,,,,
1642399850.686097248,,,,,,,
1642399851.148762473,,,,,,,
1642399851.584325645,,,,,,,
1642399852.132777929,,,,,,,
1642399852.676671614,,,,,,,
1642399853.183163694,,,,,,,
1642399853.736503414,,,,,,,
1642399854.163340019,,,,,,,
1642399855.390040967,,,,,,,
1642399855.793832863,,,,,,,
1642399856.285922256,,,,,,,
1642399856.855315184,,,,,,,
1642399857.328944579,,,,,,,
1642399857.737559205,,,,,,,
1642399858.198871353,,,,,,,
1642399858.627672181,,,,,,,
1642399859.084328224,,,,,,,
1642399859.459983139,,,,,,,
1642399859.927593497,,,,,,,
1642399860.375192024,,,,,,,
1642399860.756580756,,,,,,,
1642399861.118824199,,,,,,,
1642399861.488055079,,,,,,,
1642399861.949875394,,,,,,,
1642399862.348607979,,,,,,,
1642399862.659912744,,,,,,,
1642399862.989498977,,,,,,,
1642399863.548999432,,,,,,,
1642399863.860959823,,,,,,,
1642399864.164278224,,,,,,,
1642399864.463512754,,,,,,,
1642399865.433785980,,,,,,,
1642399865.744935255,,,,,,,
1642399866.345251095,,,,,,,
1642399866.926645233,,,,,,,
1642399867.424657086,,,,,,,
1642399867.949005412,,,,,,,
1642399868.493880584,,,,,,,
1642399869.040373989,,,,,,,
1642399869.551036406,,,,,,,
1642399869.988046865,,,,,,,
1642399870.623042027,,,,,,,
1642399871.157191721,,,,,,,
1642399871.666314722,,,,,,,
1642399872.258788233,,,,,,,
1642399872.749213024,,,,,,,
1642399873.191685040,,,,,,,
1642399873.692865678,,,,,,,
1642399874.230107100,,,,,,,
1642399874.752404385,,,,,,,
1642399875.232306198,,,,,,,
1642399875.835524803,,,,,,,
1642399876.560775669,,,,,,,
1642399877.094406218,,,,,,,
1642399877.636275840,,,,,,,
1642399878.222427940,,,,,,,
1642399878.726394989,,,,,,,
1642399879.228522938,,,,,,,
1642399879.870353406,,,,,,,
1642399880.594625313,,,,,,,
1642399881.104264195,,,,,,,
1642399881.638650020,,,,,,,
1642399882.160641189,,,,,,,
1642399882.686592003,,,,,,,
1642399883.182205003,,,,,,,
1642399883.742443902,,,,,,,
1642399884.256409218,,,,,,,
1642399884.751462561,,,,,,,
1642399885.281437598,,,,,,,
1642399885.762818153,,,,,,,
1642399886.081209108,,,,,,,
1642399886.609566936,,,,,,,
1642399887.078834823,,,,,,,
1642399887.443327485,,,,,,,
1642399887.968441871,,,,,,,
1642399888.366905812,,,,,,,
1642399888.704135939,,,,,,,
1642399889.040422179,,,,,,,
1642399889.507228044,,,,,,,
1642399889.882283942,,,,,,,
1642399890.173964339,,,,,,,
1642399890.479794651,,,,,,,
1642399890.974790233,,,,,,,
1642399891.441381567,,,,,,,
1642399891.821685866,,,,,,,
1642399892.237747616,,,,,,,
1642399892.848574819,,,,,,,
1642399893.346812307,,,,,,,
1642399893.743893091,,,,,,,
1642399894.116633401,,,,,,,
1642399894.541103729,,,,,,,
1642399895.116130153,,,,,,,
1642399895.566978362,,,,,,,
1642399896.125969657,,,,,,,
1642399896.414972508,,,,,,,
1642399896.973248496,,,,,,,
1642399897.505811989,,,,,,,
1642399897.965751700,,,,,,,
1642399898.512741433,,,,,,,
1642399899.008203838,,,,,,,
1642399899.443131449,,,,,,,
1642399899.972824337,,,,,,,
1642399900.774906091,,,,,,,
1642399901.327962062,,,,,,,
1642399901.743648958,,,,,,,
1642399902.191312606,,,,,,,
1642399902.674299522,,,,,,,
1642399903.143425359,,,,,,,
1642399903.631799911,,,,,,,
1642399904.047029168,,,,,,,
1642399904.508694441,,,,,,,
1642399905.069740264,,,,,,,
1642399905.544462124,,,,,,,
1642399905.992634356,,,,,,,
1642399906.463222903,,,,,,,
1642399906.862209252,,,,,,,
1642399907.890363185,,,,,,,
1642399908.429398618,,,,,,,
1642399908.937590629,,,,,,,
1642399909.484042242,,,,,,,
1642399910.046904573,,,,,,,
1642399910.636779547,,,,,,,
1642399911.553914093,,,,,,,
1642399912.279985260,,,,,,,
1642399912.781052937,,,,,,,
1642399913.343509725,,,,,,,
1642399913.821081869,,,,,,,
1642399914.504611896,,,,,,,
1642399915.095105856,,,,,,,
1642399915.724787175,,,,,,,
1642399916.315921113,,,,,,,
1642399916.922999586,,,,,,,
1642399917.628212285,,,,,,,
1642399918.186966648,,,,,,,
1642399918.955525674,,,,,,,
1642399919.391774169,,,,,,,
1642399920.169785086,,,,,,,
1642399920.856725757,,,,,,,
1642399921.382738333,,,,,,,
1642399921.852984091,,,,,,,
1642399922.345488467,,,,,,,
1642399922.824543258,,,,,,,
1642399923.290880412,,,,,,,
1642399924.087196604,,,,,,,
1642399924.993220578,,,,,,,
1642399925.598155498,,,,,,,
1642399926.223114248,,,,,,,
1642399926.802526596,,,,,,,
1642399927.363670180,,,,,,,
1642399927.993142409,,,,,,,
1642399928.674841911,,,,,,,
1642399929.234737124,,,,,,,
1642399929.859670914,,,,,,,
1642399930.544225821,,,,,,,
1642399931.055906366,,,,,,,
1642399931.754017739,,,,,,,
1642399932.751297528,,,,,,,
1642399933.400734898,,,,,,,
1642399934.065412633,,,,,,,
1642399934.732449828,,,,,,,
1642399935.553204543,,,,,,,
1642399936.269613704,,,,,,,
1642399936.819852191,,,,,,,
1642399937.776103409,,,,,,,
1642399938.526925199,,,,,,,
1642399939.283138241,,,,,,,
1642399939.850042651,,,,,,,
1642399940.482685745,,,,,,,
1642399941.014221670,,,,,,,
1642399941.905685674,,,,,,,
1642399942.741593297,,,,,,,
1642399943.626824116,,,,,,,
1642399944.248078137,,,,,,,
1642399944.817608507,,,,,,,
1642399945.544417350,,,,,,,
1642399946.254900018,,,,,,,
1642399946.860168287,,,,,,,
1642399947.645970429,,,,,,,
1642399948.384579518,,,,,,,
1642399949.017551832,,,,,,,
1642399949.619398384,,,,,,,
1642399950.058334153,,,,,,,
1642399951.070117399,,,,,,,
1642399951.561113528,,,,,,,
1642399952.366826698,,,,,,,
1642399953.262288076,,,,,,,
1642399953.884092185,,,,,,,
1642399954.555320837,,,,,,,
1642399955.269762736,,,,,,,
1642399956.684248869,,,,,,,
1642399957.357380847,,,,,,,
1642399957.953543214,,,,,,,
1642399958.743655470,,,,,,,
1642399959.460588351,,,,,,,
1642399960.062903198,,,,,,,
1642399960.890829865,,,,,,,
1642399961.548879145,,,,,,,
1642399962.392913965,,,,,,,
1642399963.018163824,,,,,,,
1642399963.635433047,,,,,,,
1642399964.302457282,,,,,,,
1642399965.003515644,,,,,,,
1642399965.787183225,,,,,,,
1642399966.424312340,,,,,,,
1642399967.280215984,,,,,,,
1642399967.949197145,,,,,,,
1642399968.427572566,,,,,,,
1642399968.987192895,,,,,,,
1642399971.033269401,,,,,,,
1642399971.851148488,,,,,,,
1642399972.349471610,,,,,,,
1642399973.149268880,,,,,,,
1642399973.858731725,,,,,,,
1642399974.504443502,,,,,,,
1642399975.146048174,,,,,,,
1642399975.791544011,,,,,,,
1642399976.918631670,,,,,,,
1642399977.693390120,,,,,,,
1642399978.455762202,,,,,,,
1642399979.157909733,,,,,,,
1642399979.777463600,,,,,,,
1642399980.417803357,,,,,,,
1642399981.010201250,,,,,,,
1642399981.928522375,,,,,,,
1642399982.594992329,,,,,,,
1642399983.521190216,,,,,,,
1642399984.401751171,,,,,,,
1642399985.122825972,,,,,,,
1642399985.840891863,,,,,,,
1642399986.547212867,,,,,,,
1642399988.038568033,,,,,,,
1642399988.715543622,,,,,,,
1642399989.416241979,,,,,,,
1642399990.278629789,,,,,,,
1642399990.912901195,,,,,,,
1642399991.691304470,,,,,,,
1642399992.315610346,,,,,,,
1642399993.605482034,,,,,,,
1642399994.311447353,,,,,,,
1642399995.222315946,,,,,,,
1642399995.820984913,,,,,,,
1642399996.339414651,,,,,,,
1642399997.251531775,,,,,,,
1642399998.006986790,,,,,,,
1642399998.722403839,,,,,,,
1642400000.042656831,10.05806015,1.158196508,17.81792984,-0.1349835182,-0.430023998,0.5382029017,0.7121772585
1642400001.241869609,,,,,,,
1642400001.833248638,,,,,,,
1642400002.542283221,,,,,,,
1642400003.366620040,,,,,,,
1642400004.062031115,,,,,,,
1642400004.638534042,,,,,,,
1642400005.226173045,,,,,,,
1642400006.083572297,,,,,,,
1642400006.659766387,,,,,,,
1642400007.380608288,,,,,,,
1642400008.048891423,,,,,,,
1642400008.997276950,,,,,,,
1642400009.740570848,,,,,,,
1642400010.418355537,,,,,,,
1642400011.105283313,,,,,,,
1642400012.011392984,,,,,,,
1642400012.797255990,,,,,,,
1642400013.558678394,,,,,,,
1642400014.316705096,,,,,,,
1642400014.935134113,,,,,,,
1642400016.631807824,,,,,,,
1642400017.278573984,,,,,,,
1642400018.052687752,,,,,,,
1642400018.894479018,,,,,,,
1642400019.646667006,,,,,,,
1642400020.105236327,,,,,,,
1642400020.596010468,,,,,,,
1642400021.572517935,,,,,,,
1642400022.054235135,,,,,,,
1642400022.719445838,,,,,,,
1642400023.371009673,,,,,,,
1642400024.000850771,,,,,,,
1642400024.970729112,,,,,,,
1642400025.656315138,,,,,,,
1642400026.468671932,,,,,,,
1642400027.310469661,,,,,,,
1642400027.955454674,,,,,,,
1642400028.663754077,,,,,,,
1642400029.242244907,,,,,,,
1642400029.896729939,,,,,,,
1642400030.603407141,,,,,,,
1642400031.177482446,,,,,,,
1642400032.374300915,,,,,,,
1642400033.657736215,,,,,,,
1642400034.280839257,,,,,,,
1642400035.039468273,,,,,,,
1642400035.739351193,,,,,,,
1642400036.311946443,,,,,,,
1642400036.727635163,,,,,,,
1642400037.279125062,,,,,,,
1642400037.751576103,,,,,,,
1642400038.268944288,,,,,,,
1642400038.810144587,,,,,,,
1642400039.493899801,,,,,,,
1642400039.969394729,,,,,,,
1642400040.560814239,,,,,,,
1642400041.402150682,,,,,,,
1642400041.889730949,,,,,,,
1642400043.640339064,,,,,,,
1642400044.193782465,,,,,,,
1642400044.689750255,,,,,,,
1642400045.098986267,,,,,,,
1642400045.945395396,,,,,,,
1642400046.510564739,,,,,,,
1642400047.042156697,,,,,,,
1642400047.551005806,,,,,,,
1642400048.607692437,,,,,,,
1642400049.225509957,,,,,,,
1642400049.842595945,,,,,,,
1642400050.344406161,,,,,,,
1642400050.715313514,,,,,,,
1642400051.606242118,,,,,,,
1642400052.084778469,,,,,,,
1642400052.855282453,,,,,,,
1642400054.361405208,,,,,,,
1642400054.956357189,,,,,,,
1642400055.468133223,,,,,,,
1642400056.007210321,,,,,,,
1642400056.295691628,,,,,,,
1642400057.719306159,,,,,,,
1642400058.317237002,,,,,,,
1642400058.842478590,,,,,,,
1642400059.285696889,,,,,,,
1642400059.867768798,,,,,,,
1642400060.514664880,,,,,,,
1642400061.272159255,-8.738633419,0.3200675169,13.05570109,0.03771627715,0.06474644674,0.7987954105,-0.5969181453
1642400061.949581891,-8.661224327,0.3021607924,12.98576493,0.03423834156,0.06262167559,0.7993977761,-0.5965479506
1642400062.481743970,-8.62007244,0.3013735413,12.9261263,0.03225712737,0.06172679999,0.7996496072,-0.5964141059
1642400063.031563666,,,,,,,
1642400063.518171790,-8.621390286,0.3061915718,12.94029783,0.03334222675,0.06451192521,0.7991517521,-0.5967268927
1642400064.269295634,,,,,,,
1642400065.070200601,-8.621878712,0.2670299135,12.98786868,0.03524656985,0.06515650979,0.7995765262,-0.5959779252
1642400065.463020903,,,,,,,
1642400066.013007322,,,,,,,
1642400067.065502880,,,,,,,
1642400067.642896061,-8.090285628,0.1760692423,13.0919125,0.02137538304,0.05030848747,0.8003637685,-0.5970175769
1642400068.235294530,,,,,,,
1642400068.851414903,-8.203262461,0.1603895846,13.20185752,0.02349494761,0.04973790791,0.8009967981,-0.5961361064
1642400069.424294061,,,,,,,
1642400069.911484211,-8.193207233,0.1626112406,13.24433152,0.02646687411,0.05198609048,0.8011494115,-0.5956144487
1642400070.555402423,-8.170956011,0.1622950774,13.19842568,0.02294769291,0.04873538924,0.8015875317,-0.5954457945
1642400072.670447519,,,,,,,
1642400073.401124389,-8.078108252,0.3637714313,12.1846917,0.02536669296,0.05411855598,0.8010539541,-0.5956007684
1642400074.412817491,,,,,,,
1642400074.951256627,,,,,,,
1642400075.429509870,,,,,,,
1642400076.044490161,,,,,,,
1642400076.570888406,,,,,,,
1642400077.122941994,,,,,,,
1642400077.734587514,,,,,,,
1642400078.330475797,,,,,,,
1642400079.064867125,,,,,,,
1642400079.644598837,,,,,,,
1642400080.796474113,,,,,,,
1642400081.382836201,,,,,,,
1642400082.073731398,,,,,,,
1642400082.710123509,,,,,,,
1642400083.135484156,,,,,,,
1642400083.703700106,,,,,,,
1642400084.234375441,,,,,,,
1642400084.844978833,,,,,,,
1642400085.610507028,,,,,,,
1642400086.168903466,,,,,,,
1642400086.631398480,,,,,,,
1642400087.181553798,,,,,,,
1642400087.751840372,,,,,,,
1642400088.554919101,,,,,,,
1642400089.443339250,,,,,,,
1642400090.055200965,,,,,,,
1642400090.647443048,,,,,,,
1642400091.335697980,,,,,,,
1642400092.098506485,,,,,,,
1642400092.731794932,,,,,,,
1642400093.409172096,,,,,,,
1642400094.037472978,,,,,,,
1642400094.697642354,,,,,,,
1642400095.386228555,,,,,,,
1642400096.005626387,,,,,,,
1642400096.890051435,,,,,,,
1642400097.565838749,,,,,,,
1642400098.154183204,,,,,,,
1642400098.585286499,,,,,,,
1642400099.654985108,,,,,,,
1642400100.646118210,,,,,,,
1642400101.472890939,,,,,,,
1642400102.063610918,,,,,,,
1642400102.510666685,,,,,,,
1642400103.255289115,,,,,,,
1642400103.857629851,,,,,,,
1642400104.901002963,,,,,,,
1642400105.570889035,,,,,,,
1642400106.022022272,,,,,,,
1642400106.746188738,,,,,,,
1642400107.372921659,,,,,,,
1642400108.294069196,,,,,,,
1642400108.925922869,,,,,,,
1642400109.832914634,,,,,,,
1642400110.459250046,,,,,,,
1642400111.208686023,,,,,,,
1642400111.998408577,,,,,,,
1642400112.648905644,,,,,,,
1642400113.338859706,,,,,,,
1642400113.825129201,,,,,,,
1642400114.500321531,,,,,,,
1642400115.198127747,,,,,,,
1642400115.644354029,,,,,,,
1642400116.736876992,,,,,,,
1642400117.393564938,,,,,,,
1642400117.945463867,,,,,,,
1642400118.673175411,,,,,,,
1642400119.267543031,,,,,,,
1642400119.897380961,,,,,,,
1642400120.464776483,,,,,,,
1642400121.076150862,,,,,,,
1642400121.870015752,,,,,,,
1642400123.171083550,,,,,,,
1642400123.793607287,,,,,,,
1642400124.593259659,,,,,,,
1642400125.265435622,,,,,,,
1642400125.867405471,,,,,,,
1642400126.596806994,,,,,,,
1642400127.072129119,,,,,,,
1642400127.838214378,,,,,,,
1642400128.507551833,,,,,,,
1642400129.110228190,,,,,,,
1642400129.990069198,,,,,,,
1642400130.688524320,,,,,,,
1642400131.297968494,,,,,,,
1642400132.161264093,,,,,,,
1642400133.042448354,,,,,,,
1642400133.502151997,,,,,,,
1642400134.019280114,,,,,,,
1642400134.554484576,,,,,,,
1642400135.113632450,,,,,,,
1642400135.677396619,,,,,,,
1642400136.726566653,,,,,,,
1642400137.230433797,,,,,,,
1642400137.995174684,,,,,,,
1642400139.179104857,,,,,,,
1642400140.003506829,,,,,,,
1642400140.590886340,,,,,,,
1642400141.466824023,,,,,,,
1642400142.490152313,,,,,,,
1642400143.159076769,,,,,,,
1642400143.896288621,,,,,,,
1642400144.537360677,,,,,,,
1642400145.200087437,,,,,,,
1642400145.748680075,,,,,,,
1642400147.175456799,,,,,,,
1642400147.833464702,,,,,,,
1642400148.650781988,,,,,,,
1642400149.250952226,,,,,,,
1642400149.977706123,,,,,,,
1642400150.578112045,,,,,,,
1642400151.308959509,,,,,,,
1642400152.095302491,,,,,,,
1642400152.867034558,,,,,,,
1642400153.416283046,,,,,,,
1642400154.118696822,,,,,,,
1642400154.766769242,,,,,,,
1642400155.419546216,,,,,,,
1642400155.959642306,,,,,,,
1642400156.731058304,,,,,,,
1642400157.318511961,,,,,,,
1642400157.939390584,,,,,,,
1642400158.641506307,,,,,,,
1642400159.292857914,,,,,,,
1642400160.921598987,,,,,,,
1642400161.621225584,,,,,,,
1642400162.336367109,,,,,,,
1642400163.066783559,,,,,,,
1642400163.685113119,,,,,,,
1642400164.331000673,,,,,,,
1642400165.097678710,,,,,,,
1642400165.862256106,,,,,,,
1642400166.760993695,,,,,,,
1642400167.403616975,,,,,,,
1642400168.190271770,,,,,,,
1642400169.054818045,,,,,,,
1642400169.807943071,,,,,,,
1642400170.606773574,,,,,,,
1642400171.183963072,,,,,,,
1642400172.112401377,,,,,,,
1642400172.718671518,,,,,,,
1642400173.376925473,-0.02078041543,-0.03735504238,0.01822176833,0.7080746025,0.5735362872,0.2212932507,0.3474417675
1642400174.103524712,,,,,,,
1642400174.745607215,,,,,,,
1642400175.628954262,,,,,,,
1642400176.091396219,-8.938580177,-0.8828838869,13.14030696,0.5270404149,-0.1462405052,0.7694207515,0.3298997164
1642400176.768967818,-8.428566822,-0.7457264445,12.4373903,-0.008106108089,0.02845775791,0.9420411519,-0.3341899386
1642400177.655489377,-8.300767646,-0.7189212765,12.33726126,-0.008376976033,0.02646456462,0.9413968548,-0.3361568309
1642400178.221880275,-8.219989225,-0.6890424335,12.3515349,-0.006968750157,0.02671305022,0.9412054384,-0.336704874
1642400178.790468327,-8.18773187,-0.6788063003,12.27688221,-0.01023819923,0.02785918197,0.9407887505,-0.3376915341
1642400180.001080130,-8.262955563,-0.6620861074,12.29620574,-0.0091075284,0.02838775653,0.9405709885,-0.3382859793
1642400181.197633506,,,,,,,
1642400181.927788480,,,,,,,
1642400182.392898255,-8.334849599,-0.6328281305,12.35237296,-0.008913130565,0.02779481525,0.9407493414,-0.3378441667
1642400183.069888373,-8.344478307,-0.5707180304,12.40606617,-0.00753749831,0.02532150236,0.9410040006,-0.3373625329
1642400183.821188443,-8.300920142,-0.4061256822,12.49532057,-0.007596182859,0.02542408198,0.9409517622,-0.3374991781
1642400184.523084450,-8.329272684,-0.2788458595,12.65072952,-0.00533099317,0.02529178902,0.9411649509,-0.3369576251
1642400185.029600947,-8.296843994,-0.03972413992,12.81433023,-0.006396300529,0.02570161337,0.9413244086,-0.3364622893
1642400185.662120743,-8.274694171,0.1390540496,12.96401521,-0.004801371763,0.02458825016,0.9415524267,-0.3359336134
1642400186.221900754,-8.204778561,0.1512869676,12.92696073,-0.006200744572,0.02583942777,0.9405353642,-0.3386548442
1642400187.558608945,-8.145815056,-0.2284479953,13.2821718,-0.006314626274,0.02675983526,0.9405917403,-0.3384246072
1642400188.260553465,-8.051718999,-0.5295057408,13.5080011,-0.006503615767,0.02658559329,0.9405480452,-0.3385561754
1642400188.975400394,-8.068258454,-0.4918004578,13.5617746,-0.004622158607,0.02623375424,0.9405545312,-0.3385965144
1642400189.767302598,-8.095840044,-0.428224346,13.50865667,-0.00641101296,0.0259115719,0.9400896007,-0.3398809085
1642400190.473208012,-8.117255711,-0.3974694546,13.43811,-0.005364957193,0.02550754042,0.9400357281,-0.3400785388
1642400191.161619778,-8.151437264,0.09624260285,13.39079305,-0.004818108196,0.02495088868,0.9346622371,-0.3546276096
1642400192.246306300,-8.197278789,0.1525500618,13.41590811,-0.002253917481,0.02684475775,0.9342996938,-0.3554692125
1642400192.907716368,-8.357482753,0.2646234844,13.3383751,0.0006802102678,0.0365230183,0.9333876611,-0.3570057149
1642400193.368821536,-8.366731018,0.2673435003,13.37936083,0.001632923898,0.0351283267,0.9340135142,-0.3555025871
1642400194.449642622,-8.359489368,0.2952118007,13.39596517,0.0007814937577,0.03485358295,0.9331765065,-0.357723671
1642400195.382169695,-8.345394765,0.3355255287,13.40719001,0.001544534398,0.03407676883,0.933571145,-0.3567650563
1642400196.229656953,-8.384042696,0.4001214017,13.39747386,0.003939417206,0.03649103011,0.9327977485,-0.3585264929
1642400196.985849067,-8.537018931,0.4756737883,13.34463313,0.005545371574,0.04160334975,0.932714583,-0.3581646503
1642400197.723660256,-8.589015569,0.4828139266,13.37694438,0.005935582482,0.04036668125,0.9327983336,-0.3580817905
1642400198.400746343,-8.53294968,0.4643090483,13.36516859,0.005863190263,0.04097642035,0.9326313377,-0.3584485234
1642400199.691279321,-8.531476984,0.4519544937,13.38742526,0.006334422599,0.03966097387,0.9322208335,-0.3596542781
1642400200.401278047,-8.525054891,0.4502846061,13.37078692,0.004540921145,0.03862419438,0.9319655413,-0.3604549645
1642400201.161438926,-8.519728099,0.4425122176,13.37366821,0.004632668193,0.04089120255,0.9319234429,-0.3603125649
1642400201.726489163,-8.541087578,0.4387563392,13.37083489,0.003763744783,0.03978480813,0.9315162406,-0.3614975751
1642400202.423433382,-8.556505714,0.4278946787,13.42089435,0.005577400859,0.03895770087,0.9319715097,-0.3603890887
1642400203.099723297,-8.521755511,0.4283771822,13.41698729,0.003609131334,0.03919898578,0.9316420811,-0.3612387664
1642400203.794427385,-8.464601602,0.4537493607,13.44463176,0.006694276384,0.0396563597,0.9313721541,-0.3618403934
1642400204.589119712,-8.475685847,0.4821635731,13.38371465,0.005379522341,0.03932855367,0.9316504973,-0.3611809469
1642400205.222416544,-8.495444556,0.5178457322,13.3342285,0.004622859295,0.03955750041,0.9314702605,-0.3616310097
1642400205.993561241,-8.534713887,0.5144478425,13.3473686,0.005209297981,0.03907077881,0.9316204113,-0.3612890072
1642400206.525956284,-8.550368045,0.5049752455,13.35399215,0.005096691168,0.03720935398,0.9318917871,-0.3607868966
1642400207.193575952,-8.575093924,0.4863812382,13.37947611,0.005629349049,0.039123354,0.9309741987,-0.3629389962
1642400208.055135044,-8.537843105,0.4419564317,13.38838519,0.004557537036,0.03886547555,0.9308710943,-0.3632460728
1642400209.286975496,-8.520808528,0.4383858712,13.38114092,0.003511669571,0.03922107123,0.9306206322,-0.3638607078
1642400209.839197950,-8.558576608,0.4411650517,13.39993731,0.00428418932,0.03808710352,0.9310588572,-0.3628504136
1642400210.822525332,-8.489982177,0.435372371,13.43921067,0.006312422217,0.038406932,0.9311469323,-0.3625609622
1642400211.352760117,-8.438172552,0.516905374,13.33616872,0.004346759011,0.03822229715,0.9310814619,-0.3627774428
1642400212.456213777,-8.396665613,0.6760850711,13.27377457,0.006087910225,0.03717627625,0.9314643131,-0.3618771826
1642400213.170261589,-9.289537849,0.7697992762,13.64643896,0.5171497546,-0.1612325655,0.7975222366,0.2655531458
1642400213.622836866,,,,,,,
1642400214.089655403,,,,,,,
1642400214.521542486,,,,,,,
1642400215.305022864,,,,,,,
1642400215.947753282,,,,,,,
1642400216.559454194,,,,,,,
1642400217.078833131,,,,,,,
1642400217.541607189,,,,,,,
1642400218.089439559,,,,,,,
1642400218.572078886,,,,,,,
1642400219.059753746,,,,,,,
1642400219.515895382,,,,,,,
1642400220.112481276,,,,,,,
1642400220.538219016,,,,,,,
1642400221.111107007,,,,,,,
1642400221.639157470,,,,,,,
1642400222.202636674,,,,,,,
1642400222.872906912,,,,,,,
1642400223.407322369,,,,,,,
1642400224.072069769,,,,,,,
1642400224.842910526,,,,,,,
1642400225.417272747,,,,,,,
1642400226.040804884,,,,,,,
1642400226.278698654,,,,,,,
1642400226.644325797,-9.790926222,-4.859454674,18.15479537,-0.1306290719,-0.2778130241,0.8817402422,-0.3581760941
1642400227.407716647,-3.608548897,-6.186183664,18.77959103,-0.1874389103,-0.4175808097,0.8201149724,-0.343372035
1642400228.090566119,-0.865496568,-6.34043183,18.77969772,-0.2113473798,-0.4759338506,0.7853792104,-0.3346621443
1642400228.825774036,2.960975249,-6.224737927,18.75880924,-0.2381251065,-0.5545124874,0.7322849842,-0.3155487867
1642400229.361681613,2.985043957,-6.2554703,18.80179921,-0.2397533768,-0.5554328582,0.7322139558,-0.3128504136
1642400229.897655367,2.922320458,-6.244118682,18.71440827,-0.2378676153,-0.5551718863,0.7320970019,-0.3150192915
1642400230.436565614,2.858787244,-6.196774955,18.58224199,-0.2395359717,-0.5568155354,0.7291592763,-0.3176566191
1642400231.099625499,2.665775917,-6.222805054,18.71167869,-0.2401358011,-0.5568779603,0.7303608097,-0.3143164363
1642400231.567977820,2.317926929,-6.159612555,18.6245329,-0.238668763,-0.5567910788,0.7299263426,-0.316588772
1642400232.352897228,1.726358257,-6.085135982,18.52801149,-0.2406266415,-0.5557950959,0.7312089991,-0.3138853778
1642400233.382010631,1.610054925,-5.995797216,18.46149516,-0.2383087486,-0.5559631481,0.7309839852,-0.3158739174
1642400234.197360751,1.696939836,-6.089366798,18.47950569,-0.2403966345,-0.5560362207,0.7311138246,-0.3138562647
1642400234.750182446,1.755277862,-6.162600286,18.40369237,-0.2353511524,-0.5553143036,0.7324894491,-0.3157452553
1642400235.510890918,1.811196953,-6.206428464,18.4454832,-0.237232532,-0.5537912039,0.7336858787,-0.3142309018
1642400235.978186743,1.823746455,-6.177788787,18.43731068,-0.2380852579,-0.555768623,0.7321276525,-0.3137287811
1642400237.021923701,,,,,,,
1642400237.792170977,,,,,,,
1642400238.324036635,,,,,,,
1642400238.841797595,,,,,,,
1642400239.177571411,-2.195433632,4.781986976,18.39297439,-0.3202955586,-0.3968567116,0.663255508,-0.5477295288
1642400239.627511479,-2.19064474,4.097900295,18.61466439,-0.3142717334,-0.4038025135,0.6730904812,-0.5339719204
1642400240.179715564,-2.174183279,-1.999868695,19.14209614,-0.2518007945,-0.4489203747,0.7477405213,-0.4194650998
1642400240.646561302,-2.15649035,-5.045695732,18.85410173,-0.2213468535,-0.4701383086,0.7754673642,-0.3586445431
1642400241.212955304,-2.163467635,-5.0650812,18.82091896,-0.2212085995,-0.4694911412,0.7765667612,-0.3571958696
1642400241.989821051,-2.168942435,-5.044484223,18.82125267,-0.2195021317,-0.4705009489,0.7764256617,-0.357226627
1642400242.745920427,-2.16822522,-5.011008191,18.74215612,-0.2189386303,-0.4699382608,0.7755758959,-0.3601471046
1642400243.221221336,-2.156630766,-5.008112081,18.73214237,-0.2207552939,-0.4703802572,0.7759335291,-0.3576823624
1642400244.185144960,-2.489024099,-4.995720765,18.77118409,-0.2193453933,-0.468967648,0.7773657382,-0.35729463
1642400244.559339053,-2.924852978,-4.954303473,18.71097185,-0.2181881414,-0.4665762007,0.7786063155,-0.3584310106
1642400245.073253872,-3.539071708,-4.941607947,18.85669232,-0.2189760271,-0.4690564197,0.7783342562,-0.3552905296
1642400245.634995706,-3.7315758,-4.91445818,18.79986534,-0.2186128542,-0.4689654537,0.777600188,-0.3572362957
1642400246.703314678,-3.833292524,-4.929567876,18.83411141,-0.2180247474,-0.466987581,0.7787913386,-0.35759175
1642400247.288542924,-4.171711333,-4.94399606,18.901847,-0.2182781993,-0.4693069482,0.7784338213,-0.3551709474
1642400247.877246136,-4.815797627,-4.942581855,18.95100768,-0.2180473927,-0.4681974793,0.7796836845,-0.3540336241
1642400248.391063130,-5.260074759,-4.934228887,19.02124104,-0.2183560472,-0.4687746035,0.7788502629,-0.3549130538
1642400248.869721915,-5.349893639,-4.940173411,19.01899189,-0.2165752784,-0.467015857,0.7802442503,-0.3552608168
1642400249.479976437,-5.42854942,-4.958205935,19.0693821,-0.2208519458,-0.469956035,0.7790340908,-0.3513852994
1642400250.075257991,-6.03736013,-4.937002055,19.12957371,-0.2194857454,-0.4716669082,0.7782113072,-0.3517719384
1642400250.594825698,-6.419067039,-4.933751615,19.1854124,-0.2195383869,-0.470606978,0.7795122961,-0.3502749621
1642400251.151191641,-6.492720176,-4.941055357,19.21204704,-0.2210357315,-0.47150192,0.7788707337,-0.349556183
1642400251.786209939,-6.514465336,-2.941303152,19.4964513,-0.2364596193,-0.4576254838,0.762298434,-0.3918760805
1642400252.158898280,-6.508423602,-2.934444403,19.52656075,-0.238854398,-0.4580183933,0.7627595241,-0.3890573689
1642400252.623949814,-6.356602374,-5.553193713,19.0709774,-0.2149418613,-0.473538488,0.7829694735,-0.3413504068
1642400253.389129651,-6.261632475,-6.596214421,18.81746391,-0.2051047546,-0.4806204224,0.7901816522,-0.3202327369
1642400253.931399663,-6.189875429,-6.574847812,18.83837554,-0.2036504931,-0.4774374358,0.7913617453,-0.3229962223
1642400254.511428436,-6.117291569,-6.521195718,18.79890486,-0.2039835279,-0.4781582744,0.7909200221,-0.3228016476
1642400255.148887860,-6.094718644,-6.512825329,18.86000894,-0.2058709322,-0.4789272373,0.7901556476,-0.3223350947
1642400255.853682025,-6.105191668,-6.493864155,18.90671706,-0.2067834416,-0.4816867848,0.7885598831,-0.3215458915
1642400256.484997642,-6.140908695,-6.784966076,19.19433211,-0.2066187748,-0.4791179058,0.7900642035,-0.3217969369
1642400257.053856290,-6.12559478,-7.092875461,19.42837634,-0.2070400715,-0.4782953256,0.7908924795,-0.3207133863
1642400257.655841596,-6.051418413,-7.127853185,19.49036569,-0.2058457389,-0.4780572308,0.7901477719,-0.3236592567
1642400258.259028680,-6.069712032,-7.321587877,19.71107066,-0.2083175605,-0.4785524295,0.789377029,-0.3232263484
1642400258.966142689,-6.097429055,-7.572837714,19.95403239,-0.2066345951,-0.4783053712,0.7901979611,-0.3226659236
1642400259.625619255,-6.081345588,-7.616394165,20.02174083,-0.2074858369,-0.4787353316,0.7895365852,-0.3231007434
1642400260.374041936,-6.05572054,-7.60750989,20.03452809,-0.2073790374,-0.4775431118,0.7901927618,-0.3233294147
1642400261.019045317,-6.110845738,-7.919757569,20.30420705,-0.2071680259,-0.4774178256,0.7900203033,-0.3240702844
1642400261.544842529,-6.078219073,-8.163695419,20.53603928,-0.2093004844,-0.4773823878,0.7902485137,-0.3221903935
1642400262.836484197,-5.989933108,-8.341528747,20.685339,-0.2089646958,-0.4768374473,0.7902031583,-0.3233245636
1642400263.421157587,-5.902339479,-8.20100475,20.56963274,-0.2055928867,-0.4768191052,0.7909141238,-0.3237745429
1642400264.041455017,-5.819476974,-8.163175777,20.47889039,-0.20692412,-0.4763430393,0.7898404703,-0.3262387911
1642400264.569414566,,,,,,,
1642400264.909469633,,,,,,,
1642400265.839163542,-5.798076304,-8.360162809,20.48785067,-0.2059001865,-0.4781404932,0.7909143366,-0.3216229068
1642400266.367964641,-5.835493962,-8.041149449,20.62012148,-0.2090512432,-0.4756017838,0.7890436995,-0.3278880316
1642400266.883293883,-5.921561175,-6.492884854,21.05064713,-0.2208449798,-0.4680892018,0.778840136,-0.3542993601
1642400267.515599883,-5.946395729,-6.571570442,21.08301809,-0.222406405,-0.4661283264,0.7791342309,-0.3552599395
1642400268.161614672,-5.972076072,-6.611349374,21.08444579,-0.219876252,-0.4671647192,0.7794866314,-0.3547000852
1642400268.733679770,-5.981916812,-6.629877636,21.07582781,-0.2190533844,-0.4650329997,0.7807597053,-0.3552100879
1642400269.304172683,-5.993944804,-6.632713838,21.07501586,-0.2195642866,-0.4668650497,0.7800858555,-0.3539697833
1642400270.093638753,-6.041728973,-6.64234516,21.1116094,-0.2203826504,-0.4668439358,0.7807054314,-0.352118242
1642400270.671821322,-6.049332572,-6.623223839,21.09928438,-0.2191690076,-0.4679309151,0.7798970484,-0.3532225909
1642400271.299027531,-6.034052613,-6.619917352,21.05000454,-0.2197355805,-0.4655185144,0.7810565224,-0.3534961049
1642400271.875240853,-6.072213629,-6.646982079,21.1306604,-0.2217280369,-0.4697115628,0.7791750867,-0.3508474167
1642400272.408564998,-6.054201084,-6.618022841,21.04458006,-0.2206583111,-0.4684421678,0.779408535,-0.3526955923
1642400273.008293629,-6.045075132,-6.601070782,21.05324102,-0.2198213708,-0.4679631187,0.7803125548,-0.3518542331
1642400273.674213751,-6.021162631,-6.57980961,21.01970172,-0.2197812831,-0.4666136781,0.7802714236,-0.3537574995
1642400274.619460061,-6.003820032,-6.563710047,20.99576078,-0.2195666373,-0.4694249594,0.7785359533,-0.3539950124
1642400275.374110647,-5.982986545,-6.563282651,21.02299182,-0.2189915956,-0.468214614,0.7800201864,-0.3526843703
1642400275.867459516,-5.944692077,-6.552820858,20.97942368,-0.21944347,-0.4692157492,0.778896913,-0.3535544413
1642400276.935287248,-5.863056782,-6.548394662,20.95175991,-0.2208495636,-0.4684366865,0.7791580053,-0.3531364378
1642400277.968126309,-5.872576196,-6.550238633,20.99683585,-0.2205338826,-0.4672971427,0.7792316908,-0.3546775425
1642400278.727690603,-5.899379566,-6.544148999,21.00936383,-0.2209752472,-0.4667156054,0.7790953649,-0.3554671521
1642400279.406311978,-5.916849083,-6.564403072,21.01903963,-0.2199413116,-0.468410439,0.7790271466,-0.354025684
1642400280.129438299,-5.938524589,-6.574701441,21.04506867,-0.2204349367,-0.4680860512,0.7792965026,-0.3535545905
1642400280.835928842,-5.898721271,-6.56619796,21.02044287,-0.220418735,-0.4679903963,0.7792886361,-0.3537086256
1642400281.369911557,-5.860144577,-6.546948654,20.98957614,-0.2212129486,-0.4657434677,0.7807565087,-0.3529406858
1642400281.976667017,-5.795549807,-6.491540664,20.92433269,-0.2213613653,-0.4678933285,0.7789275722,-0.3540435232
1642400282.500865388,-5.801543206,-6.376983199,20.90549394,-0.2218003944,-0.4667628483,0.7795264062,-0.3539429481
1642400283.065026876,-5.763225237,-8.482702004,20.35285709,-0.2048043336,-0.4780912912,0.7925458756,-0.3183629018
1642400283.540089605,,,,,,,
1642400283.929606655,,,,,,,
1642400284.578340398,,,,,,,
1642400285.408047028,,,,,,,
1642400286.239263346,,,,,,,
1642400287.376118325,,,,,,,
1642400289.074957317,,,,,,,
1642400289.809437158,,,,,,,
1642400290.928869018,,,,,,,
1642400291.467157720,,,,,,,
1642400291.848078061,,,,,,,
1642400292.243081756,,,,,,,
1642400292.663488566,,,,,,,
1642400293.806397718,,,,,,,
1642400294.615643039,,,,,,,
1642400295.072260778,,,,,,,
1642400295.562120889,,,,,,,
1642400296.031810031,,,,,,,
1642400296.434427092,,,,,,,
1642400297.296810293,,,,,,,
1642400297.952702387,,,,,,,
1642400298.462952766,,,,,,,
1642400298.869507041,,,,,,,
1642400299.327142491,,,,,,,
1642400299.695006502,,,,,,,
1642400300.099328997,,,,,,,
1642400300.545037895,,,,,,,
1642400301.169205465,,,,,,,
1642400301.614559797,,,,,,,
1642400302.095616604,,,,,,,
1642400303.836912030,,,,,,,
1642400304.839673825,,,,,,,
1642400305.834158403,,,,,,,
1642400306.705880053,,,,,,,
1642400307.172774624,,,,,,,
1642400307.772455414,,,,,,,
1642400309.723164617,,,,,,,
1642400310.407237788,,,,,,,
1642400311.163468015,,,,,,,
1642400312.399537301,,,,,,,
1642400313.669039745,,,,,,,
1642400314.437372943,,,,,,,
1642400315.100302554,,,,,,,
1642400315.840551957,,,,,,,
1642400316.302570612,,,,,,,
1642400317.467738734,,,,,,,
1642400318.665620739,,,,,,,
1642400319.407915070,,,,,,,
1642400320.719499127,,,,,,,
1642400321.621735234,,,,,,,
1642400322.913134434,,,,,,,
1642400323.820132631,,,,,,,
1642400324.812913471,,,,,,,
1642400325.435082930,,,,,,,
1642400326.016819858,,,,,,,
1642400327.566321398,,,,,,,
1642400328.666538848,,,,,,,
1642400329.337848461,,,,,,,
1642400330.050253560,,,,,,,
1642400330.750009311,,,,,,,
1642400333.010503959,,,,,,,
1642400333.645747829,,,,,,,
1642400334.313696398,,,,,,,
1642400335.141471158,,,,,,,
1642400335.818086326,,,,,,,
1642400336.478094100,-6.866768352,-5.793011612,14.79819728,-0.1664710969,-0.4988393912,0.8134881039,-0.2483621155
1642400337.077771850,-6.857736773,-5.763958477,14.79539848,-0.1666019414,-0.4979119545,0.8145058671,-0.2467947958
1642400337.820517643,-6.900882082,-4.852651825,15.07346241,-0.1766834694,-0.4932546016,0.8071851359,-0.2719099225
1642400338.413265462,-6.881401984,-4.881435237,15.0801947,-0.1768162214,-0.4936142063,0.8074406157,-0.2704083788
1642400339.415282829,-6.851585935,-4.922143623,15.1161489,-0.1765476297,-0.4932969117,0.8076267098,-0.2706070749
1642400339.850954771,-6.833827517,-4.914065531,15.11978513,-0.1781200853,-0.4939142516,0.80744444,-0.2689896348
1642400340.919676885,-6.732491717,-4.936240459,15.12269414,-0.1770814342,-0.4929113796,0.8077664388,-0.2705437448
1642400341.705390609,-6.724139034,-4.94439228,15.13914351,-0.1772317818,-0.4931964227,0.8075487692,-0.2705756262
1642400342.222784779,-6.700987498,-4.943733143,15.13795985,-0.1765807472,-0.4931961995,0.8075218648,-0.2710815123
1642400342.840927295,-6.69757422,-4.921966791,15.12341866,-0.1780326563,-0.4928678964,0.8079960724,-0.2693101501
1642400343.401096945,-6.695047527,-4.912268516,15.12397951,-0.1780346024,-0.4925549549,0.8079730854,-0.2699496065
1642400344.195682102,-6.679195964,-4.922325466,15.10834466,-0.1773931821,-0.4923620169,0.8078727465,-0.2710220079
1642400344.774564042,-6.708139048,-4.949596097,15.11641479,-0.1789656723,-0.4927415209,0.8080001252,-0.2689105418
1642400345.302284452,-6.727051631,-4.96079072,15.14389727,-0.1770601197,-0.4925539341,0.8081712577,-0.2699991745
1642400345.949627325,-6.721398935,-4.974745289,15.14012185,-0.1785655544,-0.4928722284,0.8077603907,-0.2696561892
1642400346.646279475,-6.694968527,-5.005233185,15.18221524,-0.176353585,-0.4921385152,0.8082397636,-0.2710121391
1642400347.315234364,-6.660965775,-5.037678091,15.1973488,-0.1783642419,-0.4918003953,0.8082282763,-0.2703435254
1642400347.880548573,-6.715408497,-4.989306841,15.16910303,-0.1781694348,-0.4913634045,0.8083990102,-0.2707557896
1642400348.437691136,-6.772215586,-4.93690228,15.13595707,-0.1793922379,-0.4930192892,0.8076136285,-0.2692779837
1642400349.121206250,-6.819215298,-4.909595352,15.11418917,-0.1775101943,-0.4925154109,0.8083794824,-0.2691492399
1642400349.820818062,-6.815410834,-4.881151108,15.11818845,-0.1770782817,-0.4923257621,0.8085050137,-0.2694035431
1642400350.413684251,-6.788483944,-4.874130546,15.10448013,-0.1781267148,-0.4928822834,0.8081072062,-0.2688878419
1642400351.078480035,-6.783599098,-4.898706832,15.11759154,-0.1781100134,-0.4927871434,0.8081256232,-0.2690179019
1642400351.415398541,-6.803225923,-4.564652971,15.20968916,-0.1814146288,-0.4913996327,0.8056974519,-0.2765262184
1642400351.608756133,-6.795834654,-4.350529754,15.24527268,-0.1844190961,-0.4902324718,0.8037434214,-0.2822379016
1642400353.015215838,-6.857707303,-3.53910244,15.45705771,-0.1934356378,-0.4851123986,0.7971760622,-0.3029173825
1642400353.822213284,-6.789868976,-5.134138557,15.1069395,-0.175597987,-0.4945018384,0.8088693578,-0.2652614573
1642400354.624608770,,,,,,,
1642400355.158753984,,,,,,,
1642400355.812874466,,,,,,,
1642400356.426143179,,,,,,,
1642400357.161061683,,,,,,,
1642400357.775609424,,,,,,,
1642400358.755506928,,,,,,,
1642400359.479525967,-6.61581158,3.601816746,15.43780646,-0.2785035137,-0.4384919107,0.708424484,-0.4778026659
1642400360.066882118,,,,,,,
1642400360.602751486,,,,,,,
1642400361.463387140,,,,,,,
1642400361.833276526,,,,,,,
1642400362.364569919,,,,,,,
1642400363.019657265,,,,,,,
1642400363.609925653,,,,,,,
1642400364.645097839,,,,,,,
1642400365.143344511,,,,,,,
1642400365.550879729,,,,,,,
1642400366.045653932,,,,,,,
1642400366.485206702,,,,,,,
1642400366.997405239,,,,,,,
1642400367.395450486,,,,,,,
1642400368.228129642,,,,,,,
1642400368.902919789,,,,,,,
1642400369.227736508,,,,,,,
1642400369.608772243,,,,,,,
1642400370.186312913,,,,,,,
1642400370.613442003,,,,,,,
1642400371.056259656,,,,,,,
1642400371.501943113,,,,,,,
1642400372.015493607,,,,,,,
1642400372.408212275,,,,,,,
1642400372.895052563,,,,,,,
1642400373.222523563,,,,,,,
1642400373.705684817,,,,,,,
1642400374.145609209,,,,,,,
1642400374.759539565,,,,,,,
1642400375.147017671,,,,,,,
1642400375.849430039,,,,,,,
1642400376.389059529,,,,,,,
1642400376.807954123,,,,,,,
1642400377.299818905,,,,,,,
1642400377.815100562,,,,,,,
1642400378.377111168,-9.139151634,-0.8791728539,15.15352596,-0.2583423809,-0.4639365388,0.7418898596,-0.4094160946
1642400378.848249420,-8.877862282,-5.944636901,14.14969502,-0.1950969178,-0.5030274912,0.7936057917,-0.281230125
1642400379.326997870,,,,,,,
1642400379.956321296,,,,,,,
1642400380.529844881,,,,,,,
1642400381.084126919,,,,,,,
1642400381.518874750,,,,,,,
1642400382.004038436,,,,,,,
1642400382.846307277,,,,,,,
1642400383.851172753,,,,,,,
1642400385.026645962,,,,,,,
1642400385.734584720,,,,,,,
1642400386.274355941,,,,,,,
1642400386.766707642,,,,,,,
1642400387.367977193,,,,,,,
1642400388.086478194,,,,,,,
1642400388.599963279,,,,,,,
1642400389.173992472,,,,,,,
1642400389.859715044,,,,,,,
1642400390.581709316,,,,,,,
1642400391.525932603,,,,,,,
1642400392.104869423,,,,,,,
1642400392.541016924,,,,,,,
1642400393.499444847,,,,,,,
1642400394.039197380,,,,,,,
1642400394.596517577,,,,,,,
1642400395.040848437,,,,,,,
1642400396.024537648,,,,,,,
1642400396.680002696,,,,,,,
1642400397.403864772,,,,,,,
1642400398.107103457,,,,,,,
1642400399.031355810,,,,,,,
1642400399.625646372,,,,,,,
1642400400.229876769,,,,,,,
1642400400.999799176,,,,,,,
1642400401.641035363,,,,,,,
1642400402.309295361,,,,,,,
1642400403.428310255,,,,,,,
1642400404.264636316,,,,,,,
1642400404.963811353,,,,,,,
1642400405.496345534,,,,,,,
1642400406.089185354,,,,,,,
1642400406.940747907,,,,,,,
1642400407.467616368,,,,,,,
1642400407.969306006,,,,,,,
1642400408.468609527,,,,,,,
1642400408.890872557,,,,,,,
1642400409.501063686,,,,,,,
1642400410.054946006,,,,,,,
1642400410.695946317,,,,,,,
1642400411.220383572,,,,,,,
1642400411.688125708,,,,,,,
1642400412.199924751,,,,,,,
1642400412.822540009,,,,,,,
1642400413.400147208,,,,,,,
1642400413.924088456,,,,,,,
1642400414.615204680,,,,,,,
1642400415.330640578,,,,,,,
1642400416.290365417,,,,,,,
1642400416.859025598,,,,,,,
1642400417.376343159,,,,,,,
1642400417.907343843,,,,,,,
1642400418.430362932,,,,,,,
1642400419.000591778,,,,,,,
1642400419.461553584,,,,,,,
1642400420.360507913,,,,,,,
1642400421.133190650,,,,,,,
1642400422.009155566,,,,,,,
1642400422.627571367,,,,,,,
1642400423.279426246,,,,,,,
1642400423.879897129,,,,,,,
1642400424.409965767,,,,,,,
1642400425.026788263,,,,,,,
1642400425.642867100,,,,,,,
1642400426.150256954,,,,,,,
1642400426.763205598,,,,,,,
1642400427.324054298,,,,,,,
1642400427.907116751,,,,,,,
1642400428.483455643,,,,,,,
1642400429.123824680,,,,,,,
1642400429.592843859,,,,,,,
1642400430.468124989,,,,,,,
1642400431.274747325,,,,,,,
1642400431.867625897,,,,,,,
1642400432.453771214,,,,,,,
1642400433.001810019,,,,,,,
1642400433.503027170,,,,,,,
1642400434.328947725,,,,,,,
1642400434.932393854,,,,,,,
1642400435.432720815,,,,,,,
1642400435.958855792,,,,,,,
1642400436.761772567,,,,,,,
1642400437.264487629,,,,,,,
1642400437.835336420,,,,,,,
1642400438.276488543,,,,,,,
1642400438.812906944,,,,,,,
1642400439.306718508,,,,,,,
1642400439.813193116,,,,,,,
1642400440.537673538,,,,,,,
1642400441.169603436,,,,,,,
1642400441.875009995,,,,,,,
1642400442.506772434,,,,,,,
1642400443.301680861,,,,,,,
1642400443.797506376,,,,,,,
1642400444.388016912,,,,,,,
1642400445.000518637,,,,,,,
1642400445.996233442,,,,,,,
1642400446.508344394,,,,,,,
1642400447.395125414,,,,,,,
1642400448.268012618,,,,,,,
1642400448.856248335,,,,,,,
1642400449.302563642,,,,,,,
1642400450.251115124,,,,,,,
1642400452.513734093,,,,,,,
1642400453.232101812,,,,,,,
1642400453.793304534,,,,,,,
1642400454.231134589,,,,,,,
1642400454.900152487,,,,,,,
1642400455.400071538,,,,,,,
1642400455.961231698,,,,,,,
1642400456.522323634,,,,,,,
1642400457.194400459,,,,,,,
1642400457.659534714,,,,,,,
1642400458.168448720,,,,,,,
1642400459.256166361,,,,,,,
1642400459.805574211,,,,,,,
1642400460.409300888,,,,,,,
1642400460.989764004,,,,,,,
1642400461.492252695,,,,,,,
1642400462.410971426,,,,,,,
1642400462.929410668,,,,,,,
1642400463.616610767,,,,,,,
1642400464.187222883,,,,,,,
1642400464.952589923,,,,,,,
1642400465.500618392,,,,,,,
1642400466.075164328,,,,,,,
1642400466.963021108,,,,,,,
1642400467.642631266,,,,,,,
1642400468.190696568,,,,,,,
1642400468.756321438,,,,,,,
1642400469.352974501,,,,,,,
1642400470.159928810,,,,,,,
1642400471.152238539,,,,,,,
1642400471.795685224,,,,,,,
1642400472.285763546,,,,,,,
1642400472.743274707,,,,,,,
1642400473.661521143,,,,,,,
1642400474.332940070,,,,,,,
1642400474.903075858,,,,,,,
1642400475.578504863,,,,,,,
1642400476.313660298,,,,,,,
1642400477.016181852,,,,,,,
1642400477.635760391,,,,,,,
1642400478.181422199,,,,,,,
1642400478.707459831,,,,,,,
1642400479.821560312,,,,,,,
1642400480.148384166,,,,,,,
1642400480.848422161,,,,,,,
1642400481.958098478,,,,,,,
1642400482.446704521,,,,,,,
1642400482.929706190,,,,,,,
1642400483.402059821,,,,,,,
1642400483.881646428,,,,,,,
1642400484.410730155,,,,,,,
1642400484.982151531,,,,,,,
1642400485.451429146,,,,,,,
1642400486.086848699,,,,,,,
1642400486.584075324,,,,,,,
1642400487.120796897,,,,,,,
1642400487.631648181,,,,,,,
1642400488.149956413,,,,,,,
1642400488.682254142,,,,,,,
1642400489.230043887,,,,,,,
1642400489.895650052,,,,,,,
1642400490.290732309,,,,,,,
1642400491.383090117,,,,,,,
1642400491.875287128,,,,,,,
1642400492.362254970,,,,,,,
1642400492.681167469,,,,,,,
1642400494.153952491,,,,,,,
1642400494.938205424,,,,,,,
1642400495.367104653,,,,,,,
1642400495.938879154,,,,,,,
1642400496.533928256,,,,,,,
1642400496.994909359,,,,,,,
1642400497.623214561,,,,,,,
1642400498.100499981,,,,,,,
1642400498.765455256,,,,,,,
1642400499.367951609,,,,,,,
1642400499.763639315,,,,,,,
1642400501.350266679,,,,,,,
1642400502.404332437,,,,,,,
1642400503.011590177,,,,,,,
1642400503.823220367,,,,,,,
1642400504.458283018,,,,,,,
1642400505.210372476,,,,,,,
1642400505.680463448,,,,,,,
1642400506.354694003,,,,,,,
1642400506.774325280,,,,,,,
1642400507.014057831,,,,,,,
1642400507.344444972,,,,,,,
1642400507.663398719,,,,,,,
1642400507.944005440,,,,,,,
1642400508.279177487,,,,,,,
1642400508.645942440,,,,,,,
1642400509.208811907,,,,,,,
1642400509.859573938,,,,,,,
1642400510.460934146,,,,,,,
1642400510.931096255,,,,,,,
1642400511.482069474,,,,,,,
1642400512.007754076,,,,,,,
1642400512.523690335,,,,,,,
1642400513.046730449,,,,,,,
1642400513.668592095,,,,,,,
1642400514.279248735,,,,,,,
1642400514.742579091,,,,,,,
1642400515.251884239,,,,,,,
1642400515.746529288,,,,,,,
1642400516.245836873,,,,,,,
1642400516.722699502,,,,,,,
1642400517.143781842,,,,,,,
1642400517.606899169,,,,,,,
1642400518.114764903,,,,,,,
1642400518.620662095,,,,,,,
1642400519.287194194,,,,,,,
1642400519.782395571,,,,,,,
1642400520.347255181,,,,,,,
1642400520.741092683,,,,,,,
1642400521.254646761,,,,,,,
1642400521.781673400,,,,,,,
1642400522.407085437,,,,,,,
1642400522.936255918,,,,,,,
1642400523.430575330,,,,,,,
1642400524.039311876,,,,,,,
1642400524.658450472,,,,,,,
1642400525.129145294,,,,,,,
1642400525.775462711,,,,,,,
1642400526.371330546,,,,,,,
1642400526.862372627,,,,,,,
1642400527.369733809,,,,,,,
1642400527.830911043,,,,,,,
1642400528.519142263,,,,,,,
1642400529.178632749,,,,,,,
1642400529.595786035,,,,,,,
1642400530.391756590,,,,,,,
1642400530.826190049,,,,,,,
1642400531.383676873,,,,,,,
1642400531.781580293,,,,,,,
1642400532.215335246,,,,,,,
1642400532.729115311,,,,,,,
1642400533.267215850,,,,,,,
1642400533.796346490,,,,,,,
1642400534.247919607,,,,,,,
1642400534.662543766,,,,,,,
1642400535.032164668,,,,,,,
1642400535.934499081,,,,,,,
1642400536.438696534,,,,,,,
1642400536.870848037,,,,,,,
1642400537.335730768,,,,,,,
